{"0": {"interval": [7, -12, -7, -4], "probs": [0.22222222222222221, 0.1111111111111111, 0.22222222222222221, 0.44444444444444442]}, "1": {"interval": [1, 3, 5], "probs": [0.33333333333333331, 0.33333333333333331, 0.33333333333333331]}, "2": {"interval": [12, -12], "probs": [0.7142857142857143, 0.2857142857142857]}, "3": {"interval": [1, -10], "probs": [0.66666666666666663, 0.33333333333333331]}, "5": {"interval": [8, 5, 7, -12, -7, -5], "probs": [0.14285714285714288, 0.53571428571428581, 0.10714285714285715, 0.10714285714285715, 0.035714285714285719, 0.071428571428571438]}, "6": {"interval": [6, -7, 11], "probs": [0.66666666666666674, 0.16666666666666669, 0.16666666666666669]}, "7": {"interval": [0, 8, 5, 10, 7, -6], "probs": [0.16666666666666669, 0.25000000000000006, 0.083333333333333343, 0.083333333333333343, 0.33333333333333337, 0.083333333333333343]}, "8": {"interval": [1, 3, 10, 5, 11, -12, -5, 8], "probs": [0.045454545454545456, 0.022727272727272728, 0.090909090909090912, 0.090909090909090912, 0.022727272727272728, 0.13636363636363635, 0.045454545454545456, 0.54545454545454541]}, "10": {"interval": [12, -2, 8, 10], "probs": [0.038461538461538464, 0.038461538461538464, 0.15384615384615385, 0.76923076923076927]}, "11": {"interval": [12, 8, 11, 6, -11, -12], "probs": [0.0076923076923076927, 0.038461538461538464, 0.69999999999999996, 0.0076923076923076927, 0.046153846153846156, 0.20000000000000001]}, "12": {"interval": [-1, 12, 2, -12, -9, -10, -5], "probs": [0.10000000000000001, 0.25, 0.14999999999999999, 0.34999999999999998, 0.050000000000000003, 0.050000000000000003, 0.050000000000000003]}, "-2": {"interval": [-12], "probs": [1.0]}, "-12": {"interval": [12, 0, 8, 2, 5, 11, -11, -12, -9, -10, -7, -8, -6], "probs": [0.022842639593908629, 0.015228426395939087, 0.0076142131979695434, 0.005076142131979695, 0.005076142131979695, 0.071065989847715741, 0.025380710659898477, 0.73350253807106602, 0.04060913705583756, 0.050761421319796954, 0.01015228426395939, 0.0025380710659898475, 0.01015228426395939]}, "-11": {"interval": [11, -11, -12, -9, -7, -8], "probs": [0.10714285714285714, 0.39285714285714285, 0.21428571428571427, 0.035714285714285712, 0.21428571428571427, 0.035714285714285712]}, "-10": {"interval": [12, 7, -11, -12, -9, -10, -8], "probs": [0.125, 0.025000000000000001, 0.025000000000000001, 0.22500000000000001, 0.20000000000000001, 0.375, 0.025000000000000001]}, "-9": {"interval": [12, -11, -12, -9, -7, -5], "probs": [0.050000000000000003, 0.050000000000000003, 0.55000000000000004, 0.125, 0.125, 0.10000000000000001]}, "-8": {"interval": [-7, -8, 10], "probs": [0.10000000000000001, 0.69999999999999996, 0.20000000000000001]}, "-7": {"interval": [5, 6, -12, -9, -7, -4], "probs": [0.13333333333333336, 0.03333333333333334, 0.53333333333333344, 0.03333333333333334, 0.13333333333333336, 0.13333333333333336]}, "-6": {"interval": [12, -10, 8], "probs": [0.40000000000000002, 0.40000000000000002, 0.20000000000000001]}, "-5": {"interval": [7, -4, -5, 11], "probs": [0.18181818181818182, 0.36363636363636365, 0.18181818181818182, 0.27272727272727271]}, "-4": {"interval": [-12, -9, -7, -4], "probs": [0.066666666666666666, 0.40000000000000002, 0.26666666666666666, 0.26666666666666666]}, "-1": {"interval": [-1, 12], "probs": [0.33333333333333331, 0.66666666666666663]}}