{"0": {"1": {"pattern": [2, 4, 6], "probs": [0.38461538461538464, 0.30769230769230771, 0.30769230769230771]}, "4": {"pattern": [10, 0, 2, 4, 9, 8], "probs": [0.075949367088607597, 0.025316455696202531, 0.075949367088607597, 0.088607594936708861, 0.32911392405063289, 0.4050632911392405]}, "8": {"pattern": [10, 12, 0, 2, 5, 4, 9, 8], "probs": [0.17543859649122806, 0.017543859649122806, 0.061403508771929821, 0.23684210526315788, 0.017543859649122806, 0.070175438596491224, 0.017543859649122806, 0.40350877192982454]}, "9": {"pattern": [10, 13, 1, 0, 2, 5, 4], "probs": [0.017857142857142856, 0.017857142857142856, 0.0089285714285714281, 0.071428571428571425, 0.7589285714285714, 0.089285714285714288, 0.035714285714285712]}, "10": {"pattern": [10, 13, 12, 1, 0, 2, 4, 6, 9, 8], "probs": [0.21348314606741572, 0.011235955056179775, 0.02247191011235955, 0.0449438202247191, 0.078651685393258425, 0.1348314606741573, 0.1348314606741573, 0.02247191011235955, 0.16853932584269662, 0.16853932584269662]}, "12": {"pattern": [9, 8], "probs": [0.77777777777777779, 0.22222222222222221]}}, "1": {"0": {"pattern": [10, 8, 2, 4, 0], "probs": [0.19354838709677416, 0.064516129032258063, 0.41935483870967738, 0.16129032258064516, 0.16129032258064516]}, "1": {"pattern": [2, 4], "probs": [0.55555555555555558, 0.44444444444444448]}, "2": {"pattern": [10, 12, 14, 0, 2, 5, 4, 8], "probs": [0.23622047244094491, 0.039370078740157487, 0.0078740157480314977, 0.12598425196850396, 0.14173228346456693, 0.039370078740157487, 0.28346456692913385, 0.12598425196850396]}, "4": {"pattern": [10, 8, 2, 4, 0], "probs": [0.11320754716981132, 0.60377358490566035, 0.11320754716981132, 0.13207547169811321, 0.037735849056603772]}, "5": {"pattern": [8, 2, 4], "probs": [0.11764705882352941, 0.76470588235294124, 0.11764705882352941]}, "6": {"pattern": [8, 5, 10], "probs": [0.1111111111111111, 0.33333333333333331, 0.55555555555555558]}, "8": {"pattern": [10, 12, 0, 2, 5, 4, 8], "probs": [0.17857142857142858, 0.017857142857142856, 0.0625, 0.24107142857142858, 0.017857142857142856, 0.071428571428571425, 0.4107142857142857]}, "9": {"pattern": [10, 2, 5, 4, 0], "probs": [0.018348623853211007, 0.77981651376146788, 0.091743119266055051, 0.036697247706422013, 0.073394495412844027]}, "10": {"pattern": [10, 12, 0, 2, 4, 8], "probs": [0.28358208955223879, 0.029850746268656716, 0.10447761194029852, 0.17910447761194032, 0.17910447761194032, 0.22388059701492538]}, "12": {"pattern": [8], "probs": [1.0]}, "13": {"pattern": [2], "probs": [1.0]}}, "2": {"0": {"pattern": [9], "probs": [1.0]}, "2": {"pattern": [9], "probs": [1.0]}, "4": {"pattern": [9], "probs": [1.0]}, "5": {"pattern": [9], "probs": [1.0]}, "8": {"pattern": [9], "probs": [1.0]}, "10": {"pattern": [9], "probs": [1.0]}, "12": {"pattern": [9], "probs": [1.0]}, "14": {"pattern": [9], "probs": [1.0]}}, "3": {"9": {"pattern": [10, 13, 1, 0, 2, 5, 4], "probs": [0.017857142857142856, 0.017857142857142856, 0.0089285714285714281, 0.071428571428571425, 0.7589285714285714, 0.089285714285714288, 0.035714285714285712]}}, "4": {"0": {"pattern": [10, 8, 2, 4, 0], "probs": [0.19354838709677416, 0.064516129032258063, 0.41935483870967738, 0.16129032258064516, 0.16129032258064516]}, "1": {"pattern": [2, 4], "probs": [0.55555555555555558, 0.44444444444444448]}, "2": {"pattern": [10, 12, 14, 0, 2, 5, 4, 8], "probs": [0.23622047244094491, 0.039370078740157487, 0.0078740157480314977, 0.12598425196850396, 0.14173228346456693, 0.039370078740157487, 0.28346456692913385, 0.12598425196850396]}, "4": {"pattern": [10, 8, 2, 4, 0], "probs": [0.11320754716981132, 0.60377358490566035, 0.11320754716981132, 0.13207547169811321, 0.037735849056603772]}, "5": {"pattern": [8, 2, 4], "probs": [0.11764705882352941, 0.76470588235294124, 0.11764705882352941]}, "6": {"pattern": [8, 5, 10], "probs": [0.1111111111111111, 0.33333333333333331, 0.55555555555555558]}, "8": {"pattern": [10, 12, 0, 2, 5, 4, 8], "probs": [0.17857142857142858, 0.017857142857142856, 0.0625, 0.24107142857142858, 0.017857142857142856, 0.071428571428571425, 0.4107142857142857]}, "9": {"pattern": [10, 2, 5, 4, 0], "probs": [0.018348623853211007, 0.77981651376146788, 0.091743119266055051, 0.036697247706422013, 0.073394495412844027]}, "10": {"pattern": [10, 12, 0, 2, 4, 8], "probs": [0.28358208955223879, 0.029850746268656716, 0.10447761194029852, 0.17910447761194032, 0.17910447761194032, 0.22388059701492538]}, "12": {"pattern": [8], "probs": [1.0]}, "13": {"pattern": [2], "probs": [1.0]}}, "5": {"0": {"pattern": [9], "probs": [1.0]}, "2": {"pattern": [9], "probs": [1.0]}, "4": {"pattern": [9], "probs": [1.0]}, "5": {"pattern": [9], "probs": [1.0]}, "8": {"pattern": [9], "probs": [1.0]}, "10": {"pattern": [9], "probs": [1.0]}, "12": {"pattern": [9], "probs": [1.0]}, "14": {"pattern": [9], "probs": [1.0]}}}