{"0": {"8": {"pattern": [10, 1, 0, 2, 5, 4, 7, 9, 8], "probs": [0.1103448275862069, 0.07586206896551724, 0.1793103448275862, 0.11724137931034483, 0.013793103448275862, 0.048275862068965517, 0.0068965517241379309, 0.11724137931034483, 0.33103448275862069]}, "9": {"pattern": [0, 2, 5, 4, 7, 6, 9], "probs": [0.24817518248175185, 0.24087591240875914, 0.029197080291970805, 0.058394160583941611, 0.080291970802919721, 0.058394160583941611, 0.28467153284671531]}, "2": {"pattern": [9, 0, 2, 4, 8], "probs": [0.42222222222222222, 0.25555555555555554, 0.077777777777777779, 0.10000000000000001, 0.14444444444444443]}, "10": {"pattern": [10, 1, 0, 2, 7, 9, 8], "probs": [0.091954022988505746, 0.022988505747126436, 0.11494252873563218, 0.11494252873563218, 0.091954022988505746, 0.18390804597701149, 0.37931034482758619]}, "5": {"pattern": [9, 0, 5, 10], "probs": [0.29629629629629628, 0.14814814814814814, 0.40740740740740738, 0.14814814814814814]}}, "1": {"0": {"pattern": [10, 1, 0, 2, 5, 4, 9, 8], "probs": [0.15384615384615385, 0.023668639053254437, 0.26035502958579881, 0.065088757396449703, 0.0059171597633136093, 0.017751479289940825, 0.22485207100591717, 0.24852071005917159]}, "1": {"pattern": [0, 2, 10], "probs": [0.55000000000000004, 0.14999999999999999, 0.29999999999999999]}, "2": {"pattern": [9, 0, 2, 4, 8], "probs": [0.42222222222222222, 0.25555555555555554, 0.077777777777777779, 0.10000000000000001, 0.14444444444444443]}, "4": {"pattern": [8, 2, 10], "probs": [0.25000000000000006, 0.28571428571428575, 0.46428571428571436]}, "5": {"pattern": [9, 0, 5, 10], "probs": [0.29629629629629628, 0.14814814814814814, 0.40740740740740738, 0.14814814814814814]}, "6": {"pattern": [0, 10], "probs": [0.46666666666666667, 0.53333333333333333]}, "7": {"pattern": [1, 2, 5], "probs": [0.33333333333333337, 0.083333333333333343, 0.58333333333333337]}, "8": {"pattern": [10, 1, 0, 2, 5, 4, 7, 9, 8], "probs": [0.1103448275862069, 0.07586206896551724, 0.1793103448275862, 0.11724137931034483, 0.013793103448275862, 0.048275862068965517, 0.0068965517241379309, 0.11724137931034483, 0.33103448275862069]}, "9": {"pattern": [0, 2, 5, 4, 7, 9], "probs": [0.26356589147286824, 0.2558139534883721, 0.031007751937984499, 0.062015503875968998, 0.085271317829457377, 0.30232558139534882]}, "10": {"pattern": [10, 1, 0, 2, 7, 9, 8], "probs": [0.091954022988505746, 0.022988505747126436, 0.11494252873563218, 0.11494252873563218, 0.091954022988505746, 0.18390804597701149, 0.37931034482758619]}}, "2": {"0": {"pattern": [9, 13, 2], "probs": [0.71698113207547165, 0.075471698113207544, 0.20754716981132074]}, "1": {"pattern": [2], "probs": [1.0]}, "2": {"pattern": [9, 2], "probs": [0.84444444444444444, 0.15555555555555556]}, "4": {"pattern": [2], "probs": [1.0]}, "5": {"pattern": [9], "probs": [1.0]}, "7": {"pattern": [2], "probs": [1.0]}, "8": {"pattern": [9, 2], "probs": [0.5, 0.5]}, "9": {"pattern": [9, 13, 2], "probs": [0.48749999999999999, 0.10000000000000001, 0.41249999999999998]}, "10": {"pattern": [9, 2], "probs": [0.61538461538461542, 0.38461538461538464]}}, "3": {"9": {"pattern": [0, 2, 5, 4, 7, 6, 9], "probs": [0.24817518248175185, 0.24087591240875914, 0.029197080291970805, 0.058394160583941611, 0.080291970802919721, 0.058394160583941611, 0.28467153284671531]}, "2": {"pattern": [9, 0, 2, 4, 8], "probs": [0.42222222222222222, 0.25555555555555554, 0.077777777777777779, 0.10000000000000001, 0.14444444444444443]}, "13": {"pattern": [0, 10], "probs": [0.29999999999999999, 0.69999999999999996]}}, "4": {"0": {"pattern": [10, 1, 0, 2, 5, 4, 9, 8], "probs": [0.15384615384615385, 0.023668639053254437, 0.26035502958579881, 0.065088757396449703, 0.0059171597633136093, 0.017751479289940825, 0.22485207100591717, 0.24852071005917159]}, "1": {"pattern": [0, 2, 10], "probs": [0.55000000000000004, 0.14999999999999999, 0.29999999999999999]}, "2": {"pattern": [9, 0, 2, 4, 8], "probs": [0.42222222222222222, 0.25555555555555554, 0.077777777777777779, 0.10000000000000001, 0.14444444444444443]}, "4": {"pattern": [8, 2, 10], "probs": [0.25000000000000006, 0.28571428571428575, 0.46428571428571436]}, "5": {"pattern": [9, 0, 5, 10], "probs": [0.29629629629629628, 0.14814814814814814, 0.40740740740740738, 0.14814814814814814]}, "6": {"pattern": [0, 10], "probs": [0.46666666666666667, 0.53333333333333333]}, "7": {"pattern": [1, 2, 5], "probs": [0.33333333333333337, 0.083333333333333343, 0.58333333333333337]}, "8": {"pattern": [10, 1, 0, 2, 5, 4, 7, 9, 8], "probs": [0.1103448275862069, 0.07586206896551724, 0.1793103448275862, 0.11724137931034483, 0.013793103448275862, 0.048275862068965517, 0.0068965517241379309, 0.11724137931034483, 0.33103448275862069]}, "9": {"pattern": [0, 2, 5, 4, 7, 9], "probs": [0.26356589147286824, 0.2558139534883721, 0.031007751937984499, 0.062015503875968998, 0.085271317829457377, 0.30232558139534882]}, "10": {"pattern": [10, 1, 0, 2, 7, 9, 8], "probs": [0.091954022988505746, 0.022988505747126436, 0.11494252873563218, 0.11494252873563218, 0.091954022988505746, 0.18390804597701149, 0.37931034482758619]}}, "5": {"0": {"pattern": [9, 13, 2], "probs": [0.71698113207547165, 0.075471698113207544, 0.20754716981132074]}, "1": {"pattern": [2], "probs": [1.0]}, "2": {"pattern": [9, 2], "probs": [0.84444444444444444, 0.15555555555555556]}, "4": {"pattern": [2], "probs": [1.0]}, "5": {"pattern": [9], "probs": [1.0]}, "7": {"pattern": [2], "probs": [1.0]}, "8": {"pattern": [9, 2], "probs": [0.5, 0.5]}, "9": {"pattern": [9, 13, 2], "probs": [0.48749999999999999, 0.10000000000000001, 0.41249999999999998]}, "10": {"pattern": [9, 2], "probs": [0.61538461538461542, 0.38461538461538464]}}, "6": {"9": {"pattern": [15, 0, 2, 5, 4, 7, 6, 9], "probs": [0.014388489208633094, 0.2446043165467626, 0.23741007194244604, 0.028776978417266189, 0.057553956834532377, 0.079136690647482022, 0.057553956834532377, 0.2805755395683453]}, "2": {"pattern": [9, 0, 2, 4, 8], "probs": [0.42222222222222222, 0.25555555555555554, 0.077777777777777779, 0.10000000000000001, 0.14444444444444443]}, "13": {"pattern": [0, 10], "probs": [0.29999999999999999, 0.69999999999999996]}}}