{"0": {"interval": [-11, -12, -5], "probs": [0.21621621621621623, 0.3783783783783784, 0.40540540540540543]}, "1": {"interval": [-12, 1, 8], "probs": [0.5, 0.25, 0.25]}, "9": {"interval": [6, -9, 8, 9, 11], "probs": [0.11111111111111112, 0.14814814814814817, 0.14814814814814817, 0.5185185185185186, 0.074074074074074084]}, "6": {"interval": [12, -12, 11, 6], "probs": [0.076923076923076927, 0.46153846153846156, 0.076923076923076927, 0.38461538461538464]}, "7": {"interval": [-12, 6, -6], "probs": [0.076923076923076927, 0.69230769230769229, 0.23076923076923078]}, "8": {"interval": [12, 8, 9, 10, 11, 6, -12, -9, -10], "probs": [0.029411764705882353, 0.36764705882352944, 0.029411764705882353, 0.044117647058823532, 0.10294117647058823, 0.029411764705882353, 0.26470588235294118, 0.029411764705882353, 0.10294117647058823]}, "-1": {"interval": [0], "probs": [1.0]}, "10": {"interval": [8, 10, -11, -12, -9, -10, -7], "probs": [0.15000000000000002, 0.10000000000000002, 0.20000000000000004, 0.05000000000000001, 0.20000000000000004, 0.20000000000000004, 0.10000000000000002]}, "11": {"interval": [12, -2, 8, 9, 11, 7, -11, -12, -7, -5], "probs": [0.029126213592233014, 0.038834951456310683, 0.12621359223300974, 0.038834951456310683, 0.34951456310679618, 0.077669902912621366, 0.048543689320388356, 0.21359223300970875, 0.038834951456310683, 0.038834951456310683]}, "12": {"interval": [-12, 8, 11], "probs": [0.2857142857142857, 0.5714285714285714, 0.14285714285714285]}, "-12": {"interval": [-1, -2, 1, 0, 8, 9, 10, 11, 7, -12, -9, -10, -5, -6, -4], "probs": [0.018987341772151899, 0.025316455696202531, 0.012658227848101266, 0.050632911392405063, 0.025316455696202531, 0.012658227848101266, 0.012658227848101266, 0.069620253164556958, 0.0063291139240506328, 0.43354430379746833, 0.050632911392405063, 0.079113924050632917, 0.16455696202531644, 0.012658227848101266, 0.025316455696202531]}, "-11": {"interval": [-12, 11, 10, -4], "probs": [0.10526315789473684, 0.21052631578947367, 0.26315789473684209, 0.42105263157894735]}, "-10": {"interval": [8, 10, 11, -11, -12, -9, -10, -7, -8, -5], "probs": [0.079999999999999988, 0.039999999999999994, 0.19999999999999996, 0.019999999999999997, 0.19999999999999996, 0.13999999999999999, 0.039999999999999994, 0.039999999999999994, 0.15999999999999998, 0.079999999999999988]}, "-9": {"interval": [8, 9, 10, -12, -9, -10, -7], "probs": [0.041237113402061862, 0.041237113402061862, 0.020618556701030931, 0.41237113402061859, 0.32989690721649489, 0.072164948453608255, 0.082474226804123724]}, "-8": {"interval": [-10, -8, -6], "probs": [0.33333333333333331, 0.33333333333333331, 0.33333333333333331]}, "-7": {"interval": [12, 10, 11, -12, -7, -5, -6], "probs": [0.05128205128205128, 0.05128205128205128, 0.15384615384615385, 0.15384615384615385, 0.30769230769230771, 0.17948717948717949, 0.10256410256410256]}, "-6": {"interval": [7, -12, -10, -7, -5, -6, -4], "probs": [0.13636363636363635, 0.13636363636363635, 0.045454545454545456, 0.18181818181818182, 0.13636363636363635, 0.22727272727272727, 0.13636363636363635]}, "-5": {"interval": [0, 11, -12, -9, -7, -5], "probs": [0.14545454545454545, 0.10909090909090909, 0.31818181818181818, 0.2818181818181818, 0.072727272727272724, 0.072727272727272724]}, "-4": {"interval": [-3, 1, -5, -6], "probs": [0.14285714285714285, 0.33333333333333331, 0.38095238095238093, 0.14285714285714285]}, "-3": {"interval": [-3, -12, -4], "probs": [0.5625, 0.25, 0.1875]}, "-2": {"interval": [-3, -2, -5], "probs": [0.25, 0.25, 0.5]}}