{"initial": {"pattern": [8, 4, 10, 12], "prob": [0.5, 0.083333333333333343, 0.33333333333333337, 0.083333333333333343]}}