{"0": {"9": {"pattern": [10], "probs": [1.0]}}, "1": {"9": {"pattern": [1], "probs": [1.0]}, "10": {"pattern": [1], "probs": [1.0]}}, "2": {"1": {"pattern": [2, 4], "probs": [0.55555555555555558, 0.44444444444444448]}}}