{"0": {"8": {"pattern": [8], "probs": [1.0]}}, "1": {"8": {"pattern": [10], "probs": [1.0]}}, "2": {"10": {"pattern": [4], "probs": [1.0]}}, "3": {"4": {"pattern": [10], "probs": [1.0]}}, "4": {"10": {"pattern": [10, 13, 12, 1, 0, 2, 4, 6, 9, 8], "probs": [0.21348314606741572, 0.011235955056179775, 0.02247191011235955, 0.0449438202247191, 0.078651685393258425, 0.1348314606741573, 0.1348314606741573, 0.02247191011235955, 0.16853932584269662, 0.16853932584269662]}}, "5": {"4": {"pattern": [10, 0, 2, 4, 9, 8], "probs": [0.075949367088607597, 0.025316455696202531, 0.075949367088607597, 0.088607594936708861, 0.32911392405063289, 0.4050632911392405]}}, "6": {"4": {"pattern": [10, 0, 2, 4, 9, 8], "probs": [0.075949367088607597, 0.025316455696202531, 0.075949367088607597, 0.088607594936708861, 0.32911392405063289, 0.4050632911392405]}}}