{"0": {"9": {"pattern": [10, 2, 4], "probs": [0.021978021978021976, 0.93406593406593408, 0.043956043956043953]}}, "1": {"9": {"pattern": [10, 2, 4], "probs": [0.021978021978021976, 0.93406593406593408, 0.043956043956043953]}, "10": {"pattern": [9, 10, 2, 4], "probs": [0.25862068965517243, 0.32758620689655177, 0.20689655172413796, 0.20689655172413796]}, "4": {"pattern": [9, 10, 2, 4], "probs": [0.57777777777777772, 0.13333333333333333, 0.13333333333333333, 0.15555555555555556]}, "2": {"pattern": [9, 10, 2, 4], "probs": [0.39130434782608697, 0.21739130434782608, 0.13043478260869565, 0.2608695652173913]}}, "2": {"9": {"pattern": [10, 2, 4], "probs": [0.021978021978021976, 0.93406593406593408, 0.043956043956043953]}, "10": {"pattern": [10, 2, 4], "probs": [0.44186046511627908, 0.27906976744186046, 0.27906976744186046]}, "4": {"pattern": [10, 2, 4], "probs": [0.31578947368421051, 0.31578947368421051, 0.36842105263157893]}, "2": {"pattern": [10, 2, 4], "probs": [0.35714285714285715, 0.21428571428571427, 0.42857142857142855]}}, "3": {"10": {"pattern": [9], "probs": [1.0]}, "4": {"pattern": [9], "probs": [1.0]}, "2": {"pattern": [9], "probs": [1.0]}}, "4": {"9": {"pattern": [10, 2, 4], "probs": [0.021978021978021976, 0.93406593406593408, 0.043956043956043953]}}, "5": {"9": {"pattern": [10, 2, 4], "probs": [0.021978021978021976, 0.93406593406593408, 0.043956043956043953]}, "10": {"pattern": [9, 10, 2, 4], "probs": [0.25862068965517243, 0.32758620689655177, 0.20689655172413796, 0.20689655172413796]}, "4": {"pattern": [9, 10, 2, 4], "probs": [0.57777777777777772, 0.13333333333333333, 0.13333333333333333, 0.15555555555555556]}, "2": {"pattern": [9, 10, 2, 4], "probs": [0.39130434782608697, 0.21739130434782608, 0.13043478260869565, 0.2608695652173913]}}, "6": {"9": {"pattern": [10, 2, 4], "probs": [0.021978021978021976, 0.93406593406593408, 0.043956043956043953]}, "10": {"pattern": [10, 2, 4], "probs": [0.44186046511627908, 0.27906976744186046, 0.27906976744186046]}, "4": {"pattern": [10, 2, 4], "probs": [0.31578947368421051, 0.31578947368421051, 0.36842105263157893]}, "2": {"pattern": [10, 2, 4], "probs": [0.35714285714285715, 0.21428571428571427, 0.42857142857142855]}}, "7": {"10": {"pattern": [9], "probs": [1.0]}, "4": {"pattern": [9], "probs": [1.0]}, "2": {"pattern": [9], "probs": [1.0]}}, "8": {"9": {"pattern": [10, 2, 4], "probs": [0.021978021978021976, 0.93406593406593408, 0.043956043956043953]}}, "9": {"9": {"pattern": [10, 2, 4], "probs": [0.021978021978021976, 0.93406593406593408, 0.043956043956043953]}, "10": {"pattern": [9, 10, 2, 4], "probs": [0.25862068965517243, 0.32758620689655177, 0.20689655172413796, 0.20689655172413796]}, "4": {"pattern": [9, 10, 2, 4], "probs": [0.57777777777777772, 0.13333333333333333, 0.13333333333333333, 0.15555555555555556]}, "2": {"pattern": [9, 10, 2, 4], "probs": [0.39130434782608697, 0.21739130434782608, 0.13043478260869565, 0.2608695652173913]}}, "10": {"9": {"pattern": [10, 2, 4], "probs": [0.021978021978021976, 0.93406593406593408, 0.043956043956043953]}, "10": {"pattern": [10, 2, 4], "probs": [0.44186046511627908, 0.27906976744186046, 0.27906976744186046]}, "4": {"pattern": [10, 2, 4], "probs": [0.31578947368421051, 0.31578947368421051, 0.36842105263157893]}, "2": {"pattern": [10, 2, 4], "probs": [0.35714285714285715, 0.21428571428571427, 0.42857142857142855]}}, "11": {"10": {"pattern": [9], "probs": [1.0]}, "4": {"pattern": [9], "probs": [1.0]}, "2": {"pattern": [9], "probs": [1.0]}}, "12": {"9": {"pattern": [10, 2, 4], "probs": [0.021978021978021976, 0.93406593406593408, 0.043956043956043953]}}, "13": {"9": {"pattern": [10, 2, 4], "probs": [0.021978021978021976, 0.93406593406593408, 0.043956043956043953]}, "10": {"pattern": [9, 10, 2, 4], "probs": [0.25862068965517243, 0.32758620689655177, 0.20689655172413796, 0.20689655172413796]}, "4": {"pattern": [9, 10, 2, 4], "probs": [0.57777777777777772, 0.13333333333333333, 0.13333333333333333, 0.15555555555555556]}, "2": {"pattern": [9, 10, 2, 4], "probs": [0.39130434782608697, 0.21739130434782608, 0.13043478260869565, 0.2608695652173913]}}, "14": {"9": {"pattern": [10, 2, 4], "probs": [0.021978021978021976, 0.93406593406593408, 0.043956043956043953]}, "10": {"pattern": [10, 2, 4], "probs": [0.44186046511627908, 0.27906976744186046, 0.27906976744186046]}, "4": {"pattern": [10, 2, 4], "probs": [0.31578947368421051, 0.31578947368421051, 0.36842105263157893]}, "2": {"pattern": [10, 2, 4], "probs": [0.35714285714285715, 0.21428571428571427, 0.42857142857142855]}}, "15": {"10": {"pattern": [9], "probs": [1.0]}, "4": {"pattern": [9], "probs": [1.0]}, "2": {"pattern": [9], "probs": [1.0]}}, "16": {"9": {"pattern": [10, 2, 4], "probs": [0.021978021978021976, 0.93406593406593408, 0.043956043956043953]}}, "17": {"9": {"pattern": [10, 2, 4], "probs": [0.021978021978021976, 0.93406593406593408, 0.043956043956043953]}, "10": {"pattern": [9, 10, 2, 4], "probs": [0.25862068965517243, 0.32758620689655177, 0.20689655172413796, 0.20689655172413796]}, "4": {"pattern": [9, 10, 2, 4], "probs": [0.57777777777777772, 0.13333333333333333, 0.13333333333333333, 0.15555555555555556]}, "2": {"pattern": [9, 10, 2, 4], "probs": [0.39130434782608697, 0.21739130434782608, 0.13043478260869565, 0.2608695652173913]}}, "18": {"9": {"pattern": [10, 2, 4], "probs": [0.021978021978021976, 0.93406593406593408, 0.043956043956043953]}, "10": {"pattern": [10, 2, 4], "probs": [0.44186046511627908, 0.27906976744186046, 0.27906976744186046]}, "4": {"pattern": [10, 2, 4], "probs": [0.31578947368421051, 0.31578947368421051, 0.36842105263157893]}, "2": {"pattern": [10, 2, 4], "probs": [0.35714285714285715, 0.21428571428571427, 0.42857142857142855]}}, "19": {"10": {"pattern": [9], "probs": [1.0]}, "4": {"pattern": [9], "probs": [1.0]}, "2": {"pattern": [9], "probs": [1.0]}}, "20": {"9": {"pattern": [10, 2, 4], "probs": [0.021978021978021976, 0.93406593406593408, 0.043956043956043953]}}, "21": {"9": {"pattern": [10, 2, 4], "probs": [0.021978021978021976, 0.93406593406593408, 0.043956043956043953]}, "10": {"pattern": [9, 10, 2, 4], "probs": [0.25862068965517243, 0.32758620689655177, 0.20689655172413796, 0.20689655172413796]}, "4": {"pattern": [9, 10, 2, 4], "probs": [0.57777777777777772, 0.13333333333333333, 0.13333333333333333, 0.15555555555555556]}, "2": {"pattern": [9, 10, 2, 4], "probs": [0.39130434782608697, 0.21739130434782608, 0.13043478260869565, 0.2608695652173913]}}, "22": {"9": {"pattern": [10, 2, 4], "probs": [0.021978021978021976, 0.93406593406593408, 0.043956043956043953]}, "10": {"pattern": [10, 2, 4], "probs": [0.44186046511627908, 0.27906976744186046, 0.27906976744186046]}, "4": {"pattern": [10, 2, 4], "probs": [0.31578947368421051, 0.31578947368421051, 0.36842105263157893]}, "2": {"pattern": [10, 2, 4], "probs": [0.35714285714285715, 0.21428571428571427, 0.42857142857142855]}}, "23": {"10": {"pattern": [9], "probs": [1.0]}, "4": {"pattern": [9], "probs": [1.0]}, "2": {"pattern": [9], "probs": [1.0]}}, "24": {"9": {"pattern": [10, 2, 4], "probs": [0.021978021978021976, 0.93406593406593408, 0.043956043956043953]}}, "25": {"9": {"pattern": [10, 2, 4], "probs": [0.021978021978021976, 0.93406593406593408, 0.043956043956043953]}, "10": {"pattern": [9, 10, 2, 4], "probs": [0.25862068965517243, 0.32758620689655177, 0.20689655172413796, 0.20689655172413796]}, "4": {"pattern": [9, 10, 2, 4], "probs": [0.57777777777777772, 0.13333333333333333, 0.13333333333333333, 0.15555555555555556]}, "2": {"pattern": [9, 10, 2, 4], "probs": [0.39130434782608697, 0.21739130434782608, 0.13043478260869565, 0.2608695652173913]}}, "26": {"9": {"pattern": [10, 2, 4], "probs": [0.021978021978021976, 0.93406593406593408, 0.043956043956043953]}, "10": {"pattern": [10, 2, 4], "probs": [0.44186046511627908, 0.27906976744186046, 0.27906976744186046]}, "4": {"pattern": [10, 2, 4], "probs": [0.31578947368421051, 0.31578947368421051, 0.36842105263157893]}, "2": {"pattern": [10, 2, 4],