{"0": {"9": {"pattern": [2], "probs": [1.0]}}, "1": {"2": {"pattern": [2], "probs": [1.0]}}, "2": {"2": {"pattern": [10, 12, 14, 0, 2, 5, 4, 8], "probs": [0.23622047244094491, 0.039370078740157487, 0.0078740157480314977, 0.12598425196850396, 0.14173228346456693, 0.039370078740157487, 0.28346456692913385, 0.12598425196850396]}}, "3": {"0": {"pattern": [9], "probs": [1.0]}, "2": {"pattern": [9], "probs": [1.0]}, "4": {"pattern": [9], "probs": [1.0]}, "5": {"pattern": [9], "probs": [1.0]}, "8": {"pattern": [9], "probs": [1.0]}, "10": {"pattern": [9], "probs": [1.0]}, "12": {"pattern": [9], "probs": [1.0]}, "14": {"pattern": [9], "probs": [1.0]}}, "4": {"9": {"pattern": [10, 1, 0, 2, 5, 4], "probs": [0.018181818181818181, 0.0090909090909090905, 0.072727272727272724, 0.77272727272727271, 0.090909090909090912, 0.036363636363636362]}}, "5": {"0": {"pattern": [4], "probs": [1.0]}, "1": {"pattern": [4], "probs": [1.0]}, "2": {"pattern": [4], "probs": [1.0]}, "4": {"pattern": [4], "probs": [1.0]}, "5": {"pattern": [4], "probs": [1.0]}, "10": {"pattern": [4], "probs": [1.0]}}, "6": {"4": {"pattern": [9], "probs": [1.0]}}}